<?xml version="1.0" encoding="UTF-8"?>
<!DOCTYPE struts PUBLIC
    "-//Apache Software Foundation//DTD Struts Configuration 2.5//EN"
    "http://struts.apache.org/dtds/struts-2.5.dtd">

<struts>


	<constant name="struts.result.path" value="/WEB-INF/view/" />
	<constant name="struts.action.extension" value="do"/> 

	<!-- <constant name="struts.convention.default.parent.package" value="default"/> -->



	<package name="default" extends="struts-default">
		<result-types>
			<result-type name="dispatcher" default="true" class="com.twosonsoft.pilot.dispatcher.CustomServletDispatcherResult" />
		</result-types>
		
		<interceptors>
			<interceptor name="loginCheck"
				class="com.twosonsoft.pilot.interceptor.LoginSessionCheckInterceptor" />
			<interceptor-stack name="commonStack">
				<interceptor-ref name="loginCheck">
					<param name="excludeActions">/login, /registLogin, /isLogin, /logout, /getLoginInfo</param>
				</interceptor-ref>
			</interceptor-stack>
		</interceptors>

		<default-interceptor-ref name="commonStack" />


	</package>

	<!-- <package name="basicstruts2" extends="struts-default"> <action name="index"> 
		<result>/index.jsp</result> </action> </package> -->
	<!-- Define Login Package -->
	<package name="login" namespace="/" extends="default">
		<!-- Login : parameters => id, token, uuid, save parameters to session -->
		<action name="registLogin" class="com.twosonsoft.pilot.action.LoginAction"
			method="registLogin">
			<result name="success" type="redirectAction">
				<param name="actionName">main</param>
			</result>
			

		</action>
		<!-- Check Login or not, return login session information as json string -->
		<action name="isLogin" class="com.twosonsoft.pilot.action.LoginAction"
			method="isLogin">
		</action>
		<!-- logout : clear session information -->
		<action name="logout" class="com.twosonsoft.pilot.action.LoginAction"
			method="logout">
			<result name="success" type="redirectAction">
				<param name="actionName">login</param>
			</result>
		</action>
		<action name="login">
			<result type="dispatcher">
				/login.jsp
			</result>
		</action>
		<action name="main">
			<result type="dispatcher">
				/main.jsp
			</result>
		</action>
		<!-- get login info -->
		<action name="getLoginInfo" class="com.twosonsoft.pilot.action.LoginAction"
			method="getLoginInfo">
			<result name="success" type="dispatcher">
				/loginInfo.jsp
			</result>
		</action>
	</package>
	<!-- User must be login to access biz logics -->
	<package name="biz" namespace="/" extends="default">

		<action name="getBizData" class="com.twosonsoft.pilot.action.BizAction"
			method="getBizData">
		</action>

	</package>



</struts>